{"cameraMode":{"drawMode":0,"name":"Shaded","section":"Shading Mode"},"sceneLighting":false,"audioPlay":false,"sceneViewState":{"m_AlwaysRefresh":false,"showFog":true,"showSkybox":true,"showFlares":true,"showImageEffects":true,"showParticleSystems":true,"showVisualEffectGraphs":true,"m_FxEnabled":true},"in2DMode":false,"pivot":{"x":-4.2174577713012699,"y":2.3343822956085207,"z":24.90979766845703},"rotation":{"x":0.02362341247498989,"y":0.07400967180728913,"z":0.0017542511923238636,"w":-0.9969784617424011},"size":18.519447326660158,"orthographic":false}